{"cameraMode":{"drawMode":0,"name":"Shaded","section":"Shading Mode"},"sceneLighting":false,"audioPlay":false,"sceneViewState":{"m_AlwaysRefresh":false,"showFog":true,"showSkybox":false,"showFlares":true,"showImageEffects":true,"showParticleSystems":true,"showVisualEffectGraphs":true,"m_FxEnabled":true},"in2DMode":false,"pivot":{"x":-1.1279313564300538,"y":-0.009784698486328125,"z":1.0015143156051636},"rotation":{"x":0.0023272684775292875,"y":0.9681470990180969,"z":-0.2502114474773407,"w":0.009004944004118443},"size":5.7712016105651859,"orthographic":false}