{"cameraMode":{"drawMode":0,"name":"Shaded","section":"Shading Mode"},"sceneLighting":false,"audioPlay":false,"sceneViewState":{"m_AlwaysRefresh":false,"showFog":true,"showSkybox":false,"showFlares":true,"showImageEffects":true,"showParticleSystems":true,"showVisualEffectGraphs":true,"m_FxEnabled":true},"in2DMode":false,"pivot":{"x":-96.49998474121094,"y":23.913618087768556,"z":-247.78639221191407},"rotation":{"x":0.4710724651813507,"y":-0.00528772734105587,"z":0.0028396910056471826,"w":0.8821085095405579},"size":387.8850402832031,"orthographic":true}