{"cameraMode":{"drawMode":0,"name":"Shaded","section":"Shading Mode"},"sceneLighting":false,"audioPlay":false,"sceneViewState":{"m_AlwaysRefresh":false,"showFog":true,"showSkybox":false,"showFlares":true,"showImageEffects":true,"showParticleSystems":true,"showVisualEffectGraphs":true,"m_FxEnabled":true},"in2DMode":false,"pivot":{"x":-0.009985744953155518,"y":1.0271118879318238,"z":-0.03059208393096924},"rotation":{"x":0.18631106615066529,"y":0.03094281069934368,"z":-0.0058706942945718769,"w":0.9819868803024292},"size":1.3222302198410035,"orthographic":false}