{"cameraMode":{"drawMode":0,"name":"Shaded","section":"Shading Mode"},"sceneLighting":true,"audioPlay":false,"sceneViewState":{"m_AlwaysRefresh":false,"showFog":true,"showSkybox":true,"showFlares":true,"showImageEffects":true,"showParticleSystems":true,"showVisualEffectGraphs":true,"m_FxEnabled":true},"in2DMode":false,"pivot":{"x":18.624996185302736,"y":6.375000476837158,"z":65.37567138671875},"rotation":{"x":-0.2539137601852417,"y":0.023801075294613839,"z":-0.006242324132472277,"w":-0.9669313430786133},"size":111.27789306640625,"orthographic":false}