{"cameraMode":{"drawMode":0,"name":"Shaded","section":"Shading Mode"},"sceneLighting":true,"audioPlay":false,"sceneViewState":{"m_AlwaysRefresh":false,"showFog":true,"showSkybox":true,"showFlares":true,"showImageEffects":true,"showParticleSystems":true,"showVisualEffectGraphs":true,"m_FxEnabled":true},"in2DMode":false,"pivot":{"x":-53.19994354248047,"y":-87.81159973144531,"z":51.3087158203125},"rotation":{"x":0.6393240094184876,"y":-0.0065555027686059479,"z":0.005616442300379276,"w":0.7691233158111572},"size":128.12506103515626,"orthographic":false}