{"cameraMode":{"drawMode":0,"name":"Shaded","section":"Shading Mode"},"sceneLighting":true,"audioPlay":false,"sceneViewState":{"m_AlwaysRefresh":false,"showFog":true,"showSkybox":true,"showFlares":true,"showImageEffects":true,"showParticleSystems":true,"showVisualEffectGraphs":true,"m_FxEnabled":true},"in2DMode":false,"pivot":{"x":0.06985980272293091,"y":-0.2865283489227295,"z":-0.3670040965080261},"rotation":{"x":-0.49859383702278139,"y":-0.009613136760890484,"z":0.005532452836632729,"w":-0.8667862415313721},"size":0.8660253882408142,"orthographic":false}