{"cameraMode":{"drawMode":0,"name":"Shaded","section":"Shading Mode"},"sceneLighting":false,"audioPlay":false,"sceneViewState":{"m_AlwaysRefresh":false,"showFog":true,"showSkybox":false,"showFlares":true,"showImageEffects":true,"showParticleSystems":true,"showVisualEffectGraphs":true,"m_FxEnabled":true},"in2DMode":false,"pivot":{"x":8.523653030395508,"y":14.834508895874024,"z":0.44536590576171877},"rotation":{"x":-0.06871341913938523,"y":-0.12328018248081207,"z":0.008563520386815071,"w":-0.9899688363075256},"size":60.283748626708987,"orthographic":false}