{"cameraMode":{"drawMode":0,"name":"Shaded","section":"Shading Mode"},"sceneLighting":false,"audioPlay":false,"sceneViewState":{"m_AlwaysRefresh":false,"showFog":true,"showSkybox":false,"showFlares":true,"showImageEffects":true,"showParticleSystems":true,"showVisualEffectGraphs":true,"m_FxEnabled":true},"in2DMode":false,"pivot":{"x":0.015035629272460938,"y":-1.5115413665771485,"z":-0.013158798217773438},"rotation":{"x":0.0023272684775292875,"y":0.9681470990180969,"z":-0.2502114474773407,"w":0.009004944004118443},"size":42.49172592163086,"orthographic":false}