{"cameraMode":{"drawMode":0,"name":"Shaded","section":"Shading Mode"},"sceneLighting":true,"audioPlay":false,"sceneViewState":{"m_AlwaysRefresh":false,"showFog":true,"showSkybox":false,"showFlares":true,"showImageEffects":true,"showParticleSystems":true,"showVisualEffectGraphs":true,"m_FxEnabled":true},"in2DMode":false,"pivot":{"x":0.6508005857467651,"y":-0.47846221923828127,"z":1.1600456237792969},"rotation":{"x":0.5447961688041687,"y":-0.05400260537862778,"z":0.03518817946314812,"w":0.8360884189605713},"size":10.283928871154786,"orthographic":false}