{"cameraMode":{"drawMode":0,"name":"Shaded","section":"Shading Mode"},"sceneLighting":true,"audioPlay":false,"sceneViewState":{"m_AlwaysRefresh":false,"showFog":true,"showSkybox":false,"showFlares":true,"showImageEffects":true,"showParticleSystems":true,"showVisualEffectGraphs":true,"m_FxEnabled":true},"in2DMode":false,"pivot":{"x":0.48153936862945559,"y":-0.0754537582397461,"z":-0.8035006523132324},"rotation":{"x":0.6398866176605225,"y":0.04831577464938164,"z":-0.040366001427173617,"w":0.7658973932266235},"size":5.451401710510254,"orthographic":false}