{"cameraMode":{"drawMode":0,"name":"Shaded","section":"Shading Mode"},"sceneLighting":false,"audioPlay":false,"sceneViewState":{"m_AlwaysRefresh":false,"showFog":true,"showSkybox":false,"showFlares":true,"showImageEffects":true,"showParticleSystems":true,"showVisualEffectGraphs":true,"m_FxEnabled":true},"in2DMode":false,"pivot":{"x":-542.8045654296875,"y":35.58727264404297,"z":-245.04440307617188},"rotation":{"x":0.08240491151809693,"y":0.008970183320343495,"z":-0.0007400853792205453,"w":0.996562123298645},"size":105.21578216552735,"orthographic":false}