{"cameraMode":{"drawMode":0,"name":"Shaded","section":"Shading Mode"},"sceneLighting":false,"audioPlay":false,"sceneViewState":{"m_AlwaysRefresh":false,"showFog":true,"showSkybox":false,"showFlares":true,"showImageEffects":true,"showParticleSystems":true,"showVisualEffectGraphs":true,"m_FxEnabled":true},"in2DMode":false,"pivot":{"x":0.0150299072265625,"y":0.798980712890625,"z":-0.013153076171875},"rotation":{"x":0.0023272684775292875,"y":0.9681470990180969,"z":-0.2502114474773407,"w":0.009004944004118443},"size":436.5634460449219,"orthographic":false}