{"cameraMode":{"drawMode":0,"name":"Shaded","section":"Shading Mode"},"sceneLighting":false,"audioPlay":false,"sceneViewState":{"m_AlwaysRefresh":false,"showFog":true,"showSkybox":false,"showFlares":true,"showImageEffects":true,"showParticleSystems":true,"showVisualEffectGraphs":true,"m_FxEnabled":true},"in2DMode":false,"pivot":{"x":-0.11928541958332062,"y":-1.5761702060699463,"z":-2.1041479110717775},"rotation":{"x":-0.004566553980112076,"y":0.9504119157791138,"z":-0.3106479048728943,"w":-0.013971170410513878},"size":6.187984943389893,"orthographic":false}