{"cameraMode":{"drawMode":0,"name":"Shaded","section":"Shading Mode"},"sceneLighting":false,"audioPlay":false,"sceneViewState":{"m_AlwaysRefresh":false,"showFog":true,"showSkybox":false,"showFlares":true,"showImageEffects":true,"showParticleSystems":true,"showVisualEffectGraphs":true,"m_FxEnabled":true},"in2DMode":false,"pivot":{"x":2.0869622230529787,"y":2.070507526397705,"z":1.3607664108276368},"rotation":{"x":0.23251505196094514,"y":0.029173465445637704,"z":-0.0069768428802490238,"w":0.9721428751945496},"size":6.795403003692627,"orthographic":false}