{"cameraMode":{"drawMode":0,"name":"Shaded","section":"Shading Mode"},"sceneLighting":false,"audioPlay":false,"sceneViewState":{"m_AlwaysRefresh":false,"showFog":true,"showSkybox":false,"showFlares":true,"showImageEffects":true,"showParticleSystems":true,"showVisualEffectGraphs":true,"m_FxEnabled":true},"in2DMode":false,"pivot":{"x":-0.6031900644302368,"y":1.3366347551345826,"z":0.2235114574432373},"rotation":{"x":0.18631106615066529,"y":0.03094281069934368,"z":-0.0058706942945718769,"w":0.9819868803024292},"size":2.379243850708008,"orthographic":false}