{"cameraMode":{"drawMode":0,"name":"Shaded","section":"Shading Mode"},"sceneLighting":false,"audioPlay":false,"sceneViewState":{"m_AlwaysRefresh":false,"showFog":true,"showSkybox":false,"showFlares":true,"showImageEffects":true,"showParticleSystems":true,"showVisualEffectGraphs":true,"m_FxEnabled":true},"in2DMode":false,"pivot":{"x":1.0531847476959229,"y":0.09964346885681153,"z":0.7090692520141602},"rotation":{"x":0.0023272684775292875,"y":0.9681470990180969,"z":-0.2502114474773407,"w":0.009004944004118443},"size":10.136894226074219,"orthographic":false}