{"cameraMode":{"drawMode":0,"name":"Shaded","section":"Shading Mode"},"sceneLighting":false,"audioPlay":false,"sceneViewState":{"m_AlwaysRefresh":false,"showFog":true,"showSkybox":false,"showFlares":true,"showImageEffects":true,"showParticleSystems":true,"showVisualEffectGraphs":true,"m_FxEnabled":true},"in2DMode":false,"pivot":{"x":-0.035877227783203128,"y":-0.0764617919921875,"z":-0.08097267150878906},"rotation":{"x":0.0023272684775292875,"y":0.9681470990180969,"z":-0.2502114474773407,"w":0.009004944004118443},"size":39.35219192504883,"orthographic":false}