{"cameraMode":{"drawMode":0,"name":"Shaded","section":"Shading Mode"},"sceneLighting":true,"audioPlay":false,"sceneViewState":{"m_AlwaysRefresh":false,"showFog":true,"showSkybox":false,"showFlares":true,"showImageEffects":true,"showParticleSystems":true,"showVisualEffectGraphs":true,"m_FxEnabled":true},"in2DMode":false,"pivot":{"x":-2.030452013015747,"y":6.1695170402526859,"z":1.282381534576416},"rotation":{"x":0.18631106615066529,"y":0.03094281069934368,"z":-0.0058706942945718769,"w":0.9819868803024292},"size":7.70665168762207,"orthographic":false}