{"cameraMode":{"drawMode":0,"name":"Shaded","section":"Shading Mode"},"sceneLighting":false,"audioPlay":false,"sceneViewState":{"m_AlwaysRefresh":false,"showFog":true,"showSkybox":false,"showFlares":true,"showImageEffects":true,"showParticleSystems":true,"showVisualEffectGraphs":true,"m_FxEnabled":true},"in2DMode":false,"pivot":{"x":46.29910659790039,"y":143.33053588867188,"z":237.21878051757813},"rotation":{"x":0.009429735131561757,"y":-0.9127392172813416,"z":0.40793153643608096,"w":0.02108130417764187},"size":237.94456481933595,"orthographic":false}