{"cameraMode":{"drawMode":0,"name":"Shaded","section":"Shading Mode"},"sceneLighting":false,"audioPlay":false,"sceneViewState":{"m_AlwaysRefresh":false,"showFog":true,"showSkybox":false,"showFlares":true,"showImageEffects":true,"showParticleSystems":true,"showVisualEffectGraphs":true,"m_FxEnabled":true},"in2DMode":false,"pivot":{"x":283.4817199707031,"y":7.295566558837891,"z":218.43768310546876},"rotation":{"x":0.007314939517527819,"y":-0.9732282161712647,"z":0.22766847908496858,"w":0.031246043741703035},"size":72.30104064941406,"orthographic":false}