{"cameraMode":{"drawMode":0,"name":"Shaded","section":"Shading Mode"},"sceneLighting":false,"audioPlay":false,"sceneViewState":{"m_AlwaysRefresh":false,"showFog":true,"showSkybox":false,"showFlares":true,"showImageEffects":true,"showParticleSystems":true,"showVisualEffectGraphs":true,"m_FxEnabled":true},"in2DMode":false,"pivot":{"x":-0.5395863652229309,"y":-3.0435597896575929,"z":5.562804222106934},"rotation":{"x":-0.004566553980112076,"y":0.9504119157791138,"z":-0.3106479048728943,"w":-0.013971170410513878},"size":7.274733543395996,"orthographic":false}