{"cameraMode":{"drawMode":0,"name":"Shaded","section":"Shading Mode"},"sceneLighting":false,"audioPlay":false,"sceneViewState":{"m_AlwaysRefresh":false,"showFog":true,"showSkybox":false,"showFlares":true,"showImageEffects":true,"showParticleSystems":true,"showVisualEffectGraphs":true,"m_FxEnabled":true},"in2DMode":false,"pivot":{"x":1098.6468505859375,"y":536.0716552734375,"z":15.323417663574219},"rotation":{"x":-0.07560504972934723,"y":-0.07977977395057678,"z":0.006018952466547489,"w":-0.9939842224121094},"size":53.732852935791019,"orthographic":false}