{"cameraMode":{"drawMode":0,"name":"Shaded","section":"Shading Mode"},"sceneLighting":false,"audioPlay":false,"sceneViewState":{"m_AlwaysRefresh":false,"showFog":true,"showSkybox":false,"showFlares":true,"showImageEffects":true,"showParticleSystems":true,"showVisualEffectGraphs":true,"m_FxEnabled":true},"in2DMode":false,"pivot":{"x":-392.7447814941406,"y":27.999998092651368,"z":246.46588134765626},"rotation":{"x":0.43652302026748659,"y":-0.020409757271409036,"z":0.00995504017919302,"w":0.8996865749359131},"size":382.23492431640627,"orthographic":false}