{"cameraMode":{"drawMode":0,"name":"Shaded","section":"Shading Mode"},"sceneLighting":false,"audioPlay":false,"sceneViewState":{"m_AlwaysRefresh":false,"showFog":true,"showSkybox":false,"showFlares":true,"showImageEffects":true,"showParticleSystems":true,"showVisualEffectGraphs":true,"m_FxEnabled":true},"in2DMode":false,"pivot":{"x":0.00000476837158203125,"y":-9.5367431640625e-7,"z":-0.0000019073486328125},"rotation":{"x":0.2881902754306793,"y":0.03159269690513611,"z":-0.009513791650533677,"w":0.9570061564445496},"size":30.167516708374025,"orthographic":false}