{"cameraMode":{"drawMode":0,"name":"Shaded","section":"Shading Mode"},"sceneLighting":true,"audioPlay":false,"sceneViewState":{"m_AlwaysRefresh":false,"showFog":true,"showSkybox":true,"showFlares":true,"showImageEffects":true,"showParticleSystems":true,"showVisualEffectGraphs":true,"m_FxEnabled":true},"in2DMode":false,"pivot":{"x":414.9144592285156,"y":240.04722595214845,"z":-9.635986328125},"rotation":{"x":0.037445250898599628,"y":-0.049444861710071567,"z":0.001855041948147118,"w":0.9980727434158325},"size":598.1685180664063,"orthographic":false}