{"cameraMode":{"drawMode":0,"name":"Shaded","section":"Shading Mode"},"sceneLighting":true,"audioPlay":false,"sceneViewState":{"m_AlwaysRefresh":false,"showFog":true,"showSkybox":true,"showFlares":true,"showImageEffects":true,"showParticleSystems":true,"showVisualEffectGraphs":true,"m_FxEnabled":true},"in2DMode":false,"pivot":{"x":-7.937100410461426,"y":-15.409835815429688,"z":-2.766268730163574},"rotation":{"x":0.6837832927703857,"y":0.008754824288189412,"z":-0.008206360973417759,"w":0.7295904159545898},"size":148.5465087890625,"orthographic":false}