{"cameraMode":{"drawMode":0,"name":"Shaded","section":"Shading Mode"},"sceneLighting":true,"audioPlay":false,"sceneViewState":{"m_AlwaysRefresh":false,"showFog":true,"showSkybox":true,"showFlares":true,"showImageEffects":true,"showParticleSystems":true,"showVisualEffectGraphs":true,"m_FxEnabled":true},"in2DMode":false,"pivot":{"x":238.66844177246095,"y":225.58766174316407,"z":10.440692901611329},"rotation":{"x":0.16419249773025514,"y":0.02663012035191059,"z":-0.0044342768378555779,"w":0.9860601425170898},"size":322.98480224609377,"orthographic":false}