{"cameraMode":{"drawMode":0,"name":"Shaded","section":"Shading Mode"},"sceneLighting":true,"audioPlay":false,"sceneViewState":{"m_AlwaysRefresh":false,"showFog":true,"showSkybox":true,"showFlares":true,"showImageEffects":true,"showParticleSystems":true,"showVisualEffectGraphs":true,"m_FxEnabled":true},"in2DMode":false,"pivot":{"x":-26.535717010498048,"y":223.88958740234376,"z":-43.63866424560547},"rotation":{"x":0.2881902754306793,"y":0.03159269690513611,"z":-0.009513791650533677,"w":0.9570061564445496},"size":39.929622650146487,"orthographic":false}