{"cameraMode":{"drawMode":0,"name":"Shaded","section":"Shading Mode"},"sceneLighting":true,"audioPlay":false,"sceneViewState":{"m_AlwaysRefresh":false,"showFog":true,"showSkybox":true,"showFlares":true,"showImageEffects":true,"showParticleSystems":true,"showVisualEffectGraphs":true,"m_FxEnabled":true},"in2DMode":false,"pivot":{"x":-5.894537925720215,"y":82.6524429321289,"z":-95.33609008789063},"rotation":{"x":0.4908059239387512,"y":0.002619115635752678,"z":-0.0014594331150874496,"w":0.8712995648384094},"size":447.0987854003906,"orthographic":true}