{"cameraMode":{"drawMode":0,"name":"Shaded","section":"Shading Mode"},"sceneLighting":true,"audioPlay":false,"sceneViewState":{"m_AlwaysRefresh":false,"showFog":true,"showSkybox":false,"showFlares":true,"showImageEffects":true,"showParticleSystems":true,"showVisualEffectGraphs":true,"m_FxEnabled":true},"in2DMode":false,"pivot":{"x":-0.6241202354431152,"y":6.178727626800537,"z":0.31650257110595705},"rotation":{"x":0.18631106615066529,"y":0.03094281069934368,"z":-0.0058706942945718769,"w":0.9819868803024292},"size":9.418086051940918,"orthographic":false}