{"cameraMode":{"drawMode":0,"name":"Shaded","section":"Shading Mode"},"sceneLighting":false,"audioPlay":false,"sceneViewState":{"m_AlwaysRefresh":false,"showFog":true,"showSkybox":false,"showFlares":true,"showImageEffects":true,"showParticleSystems":true,"showVisualEffectGraphs":true,"m_FxEnabled":true},"in2DMode":false,"pivot":{"x":-172.70571899414063,"y":-69.58489227294922,"z":-257.82183837890627},"rotation":{"x":-0.28540125489234927,"y":-0.048268966376781467,"z":0.014401009306311608,"w":-0.9570997357368469},"size":113.55750274658203,"orthographic":false}