{"cameraMode":{"drawMode":0,"name":"Shaded","section":"Shading Mode"},"sceneLighting":false,"audioPlay":false,"sceneViewState":{"m_AlwaysRefresh":false,"showFog":true,"showSkybox":false,"showFlares":true,"showImageEffects":true,"showParticleSystems":true,"showVisualEffectGraphs":true,"m_FxEnabled":true},"in2DMode":false,"pivot":{"x":-0.06220823526382446,"y":0.975637674331665,"z":0.1641494631767273},"rotation":{"x":0.18631106615066529,"y":0.03094281069934368,"z":-0.0058706942945718769,"w":0.9819868803024292},"size":0.93646639585495,"orthographic":false}