{"cameraMode":{"drawMode":0,"name":"Shaded","section":"Shading Mode"},"sceneLighting":false,"audioPlay":false,"sceneViewState":{"m_AlwaysRefresh":false,"showFog":true,"showSkybox":false,"showFlares":true,"showImageEffects":true,"showParticleSystems":true,"showVisualEffectGraphs":true,"m_FxEnabled":true},"in2DMode":false,"pivot":{"x":9.69446086883545,"y":-67.96419525146485,"z":51.439109802246097},"rotation":{"x":0.7201379537582398,"y":-0.003123438684269786,"z":0.003239318262785673,"w":0.6938318610191345},"size":14.850665092468262,"orthographic":true}