{"cameraMode":{"drawMode":0,"name":"Shaded","section":"Shading Mode"},"sceneLighting":false,"audioPlay":false,"sceneViewState":{"m_AlwaysRefresh":false,"showFog":true,"showSkybox":false,"showFlares":true,"showImageEffects":true,"showParticleSystems":true,"showVisualEffectGraphs":true,"m_FxEnabled":true},"in2DMode":false,"pivot":{"x":-2.0223684310913088,"y":-66.5999984741211,"z":53.57548522949219},"rotation":{"x":0.7201379537582398,"y":-0.003123438684269786,"z":0.003239318262785673,"w":0.6938318610191345},"size":16.970561981201173,"orthographic":true}