{"cameraMode":{"drawMode":0,"name":"Shaded","section":"Shading Mode"},"sceneLighting":false,"audioPlay":false,"sceneViewState":{"m_AlwaysRefresh":false,"showFog":true,"showSkybox":false,"showFlares":true,"showImageEffects":true,"showParticleSystems":true,"showVisualEffectGraphs":true,"m_FxEnabled":true},"in2DMode":false,"pivot":{"x":-28.87497901916504,"y":17.889867782592775,"z":-210.27378845214845},"rotation":{"x":0.6692666411399841,"y":-0.04670567810535431,"z":0.042219001799821857,"w":0.7403703927993774},"size":225.82620239257813,"orthographic":true}