{"cameraMode":{"drawMode":0,"name":"Shaded","section":"Shading Mode"},"sceneLighting":false,"audioPlay":false,"sceneViewState":{"m_AlwaysRefresh":false,"showFog":true,"showSkybox":false,"showFlares":true,"showImageEffects":true,"showParticleSystems":true,"showVisualEffectGraphs":true,"m_FxEnabled":true},"in2DMode":false,"pivot":{"x":340.64898681640627,"y":-150.30740356445313,"z":-16.84808349609375},"rotation":{"x":0.29968270659446719,"y":0.09709358215332031,"z":-0.030673593282699586,"w":0.9485909938812256},"size":500.35845947265627,"orthographic":false}